PID;TIME+;START;ELAPSED;VIRT;RES;MEM%;NCPU%;CPU%;Command
17440;11:01.89;09:19;11:01.78;141M;140M;0.2;109.;./Projet_IRISA;
17440;11:02.10;09:19;11:01.99;141M;140M;0.2;83.7;./Projet_IRISA;
17440;11:02.33;09:19;11:02.22;141M;140M;0.2;78.3;./Projet_IRISA;
17440;11:02.55;09:19;11:02.44;141M;140M;0.2;100.;./Projet_IRISA;
17440;11:02.77;09:19;11:02.66;141M;140M;0.2;109.;./Projet_IRISA;
17440;11:02.99;09:19;11:02.88;141M;140M;0.2;94.1;./Projet_IRISA;
17440;11:03.21;09:19;11:03.10;141M;140M;0.2;109.;./Projet_IRISA;
17440;11:03.42;09:19;11:03.31;141M;140M;0.2;111.;./Projet_IRISA;
17440;11:03.64;09:19;11:03.53;141M;140M;0.2;104.;./Projet_IRISA;
17440;11:03.85;09:19;11:03.74;141M;140M;0.2;111.;./Projet_IRISA;
17440;11:03.90;09:19;11:03.79;142M;141M;0.2;0.0;./Projet_IRISA;
17440;11:03.90;09:19;11:03.79;142M;141M;0.2;0.0;./Projet_IRISA;
17440;11:04.01;09:19;11:03.90;142M;141M;0.2;106.;./Projet_IRISA;
17440;11:04.23;09:19;11:04.12;142M;141M;0.2;106.;./Projet_IRISA;
17440;11:04.45;09:19;11:04.34;142M;141M;0.2;109.;./Projet_IRISA;
17440;11:04.66;09:19;11:04.55;142M;141M;0.2;75.0;./Projet_IRISA;
17440;11:04.89;09:19;11:04.78;142M;141M;0.2;102.;./Projet_IRISA;
17440;11:05.11;09:19;11:05.00;142M;141M;0.2;111.;./Projet_IRISA;
17440;11:05.32;09:19;11:05.21;142M;141M;0.2;83.7;./Projet_IRISA;
17440;11:05.55;09:19;11:05.44;142M;141M;0.2;102.;./Projet_IRISA;
17440;11:05.77;09:19;11:05.66;142M;141M;0.2;100.;./Projet_IRISA;
17440;11:05.99;09:19;11:05.88;142M;141M;0.2;100.;./Projet_IRISA;
17440;11:06.21;09:19;11:06.10;142M;141M;0.2;100.;./Projet_IRISA;
17440;11:06.43;09:19;11:06.32;142M;141M;0.2;109.;./Projet_IRISA;
17440;11:06.65;09:19;11:06.54;142M;141M;0.2;109.;./Projet_IRISA;
17440;11:06.87;09:19;11:06.76;142M;141M;0.2;102.;./Projet_IRISA;
17440;11:07.10;09:19;11:06.99;142M;141M;0.2;136.;./Projet_IRISA;
17440;11:07.31;09:19;11:07.20;142M;141M;0.2;111.;./Projet_IRISA;
17440;11:07.53;09:19;11:07.42;142M;141M;0.2;106.;./Projet_IRISA;
17440;11:07.74;09:19;11:07.63;142M;141M;0.2;106.;./Projet_IRISA;
17440;11:07.96;09:19;11:07.85;142M;141M;0.2;111.;./Projet_IRISA;
17440;11:08.17;09:19;11:08.06;142M;141M;0.2;106.;./Projet_IRISA;
17440;11:08.39;09:19;11:08.28;142M;141M;0.2;111.;./Projet_IRISA;
17440;11:08.61;09:19;11:08.50;142M;141M;0.2;104.;./Projet_IRISA;
17440;11:08.68;09:19;11:08.57;143M;142M;0.2;0.0;./Projet_IRISA;
17440;11:08.68;09:19;11:08.57;143M;142M;0.2;0.0;./Projet_IRISA;
17440;11:08.76;09:19;11:08.65;143M;142M;0.2;104.;./Projet_IRISA;
17440;11:08.99;09:19;11:08.88;143M;142M;0.2;136.;./Projet_IRISA;
17440;11:09.25;09:19;11:09.14;143M;142M;0.2;124.;./Projet_IRISA;
17440;11:09.50;09:19;11:09.39;143M;142M;0.2;105.;./Projet_IRISA;
17440;11:09.76;09:19;11:09.65;143M;142M;0.2;92.3;./Projet_IRISA;
17440;11:10.02;09:19;11:09.91;143M;142M;0.2;109.;./Projet_IRISA;
17440;11:10.27;09:19;11:10.16;143M;142M;0.2;98.4;./Projet_IRISA;
17440;11:10.52;09:19;11:10.41;143M;142M;0.2;111.;./Projet_IRISA;
17440;11:10.77;09:19;11:10.66;143M;142M;0.2;109.;./Projet_IRISA;
17440;11:11.03;09:19;11:10.92;143M;142M;0.2;93.8;./Projet_IRISA;
17440;11:11.29;09:19;11:11.18;143M;142M;0.2;101.;./Projet_IRISA;
17440;11:11.54;09:19;11:11.43;143M;142M;0.2;101.;./Projet_IRISA;
17440;11:11.78;09:19;11:11.67;143M;142M;0.2;87.3;./Projet_IRISA;
17440;11:12.04;09:19;11:11.93;143M;142M;0.2;103.;./Projet_IRISA;
17440;11:12.28;09:19;11:12.17;143M;142M;0.2;80.0;./Projet_IRISA;
17440;11:12.54;09:19;11:12.43;143M;142M;0.2;103.;./Projet_IRISA;
17440;11:12.80;09:19;11:12.69;143M;142M;0.2;122.;./Projet_IRISA;
17440;11:13.05;09:19;11:12.94;143M;142M;0.2;109.;./Projet_IRISA;
17440;11:13.29;09:19;11:13.18;143M;142M;0.2;80.0;./Projet_IRISA;
17440;11:13.45;09:19;11:13.34;144M;143M;0.2;0.0;./Projet_IRISA;
17440;11:13.45;09:19;11:13.34;144M;143M;0.2;0.0;./Projet_IRISA;
17440;11:13.56;09:19;11:13.45;144M;143M;0.2;101.;./Projet_IRISA;
17440;11:13.81;09:19;11:13.70;144M;143M;0.2;103.;./Projet_IRISA;
17440;11:14.06;09:19;11:13.95;144M;143M;0.2;88.9;./Projet_IRISA;
17440;11:14.31;09:19;11:14.20;144M;143M;0.2;107.;./Projet_IRISA;
17440;11:14.57;09:19;11:14.46;144M;143M;0.2;107.;./Projet_IRISA;
17440;11:14.81;09:19;11:14.70;144M;143M;0.2;84.2;./Projet_IRISA;
17440;11:15.08;09:19;11:14.97;144M;143M;0.2;100.;./Projet_IRISA;
17440;11:15.33;09:19;11:15.22;144M;143M;0.2;84.2;./Projet_IRISA;
17440;11:15.60;09:19;11:15.49;144M;143M;0.2;96.8;./Projet_IRISA;
17440;11:15.86;09:19;11:15.75;144M;143M;0.2;107.;./Projet_IRISA;
17440;11:16.10;09:19;11:15.99;144M;143M;0.2;84.2;./Projet_IRISA;
17440;11:16.37;09:19;11:16.26;144M;143M;0.2;98.4;./Projet_IRISA;
17440;11:16.62;09:19;11:16.51;144M;143M;0.2;82.8;./Projet_IRISA;
17440;11:16.87;09:19;11:16.76;144M;143M;0.2;107.;./Projet_IRISA;
17440;11:17.12;09:19;11:17.01;144M;143M;0.2;109.;./Projet_IRISA;
17440;11:17.37;09:19;11:17.26;144M;143M;0.2;87.3;./Projet_IRISA;
17440;11:17.63;09:19;11:17.52;144M;143M;0.2;96.8;./Projet_IRISA;
17440;11:17.88;09:19;11:17.77;144M;143M;0.2;105.;./Projet_IRISA;
17440;11:18.12;09:19;11:18.01;144M;143M;0.2;90.6;./Projet_IRISA;
17440;11:18.22;09:19;11:18.11;145M;144M;0.2;0.0;./Projet_IRISA;
17440;11:18.22;09:19;11:18.11;145M;144M;0.2;0.0;./Projet_IRISA;
17440;11:18.39;09:19;11:18.28;145M;144M;0.2;103.;./Projet_IRISA;
17440;11:18.66;09:19;11:18.55;145M;144M;0.2;122.;./Projet_IRISA;
17440;11:18.92;09:19;11:18.81;145M;144M;0.2;90.9;./Projet_IRISA;
17440;11:19.17;09:19;11:19.06;145M;144M;0.2;109.;./Projet_IRISA;
17440;11:19.45;09:19;11:19.34;145M;144M;0.2;95.2;./Projet_IRISA;
17440;11:19.70;09:19;11:19.59;145M;144M;0.2;82.8;./Projet_IRISA;
17440;11:19.95;09:19;11:19.84;145M;144M;0.2;111.;./Projet_IRISA;
17440;11:20.20;09:19;11:20.09;145M;144M;0.2;84.2;./Projet_IRISA;
17440;11:20.46;09:19;11:20.35;145M;144M;0.2;101.;./Projet_IRISA;
17440;11:20.70;09:19;11:20.59;145M;144M;0.2;88.9;./Projet_IRISA;
17440;11:20.95;09:19;11:20.84;145M;144M;0.2;115.;./Projet_IRISA;
17440;11:21.20;09:19;11:21.09;145M;144M;0.2;100.;./Projet_IRISA;
17440;11:21.45;09:19;11:21.34;145M;144M;0.2;109.;./Projet_IRISA;
17440;11:21.71;09:19;11:21.60;145M;144M;0.2;95.2;./Projet_IRISA;
17440;11:21.97;09:19;11:21.86;145M;144M;0.2;105.;./Projet_IRISA;
17440;11:22.22;09:19;11:22.11;145M;144M;0.2;103.;./Projet_IRISA;
17440;11:22.47;09:19;11:22.36;145M;144M;0.2;111.;./Projet_IRISA;
17440;11:22.72;09:19;11:22.61;145M;144M;0.2;80.0;./Projet_IRISA;
17440;11:22.97;09:19;11:22.86;145M;144M;0.2;107.;./Projet_IRISA;
17440;11:22.99;09:19;11:22.88;146M;145M;0.2;0.0;./Projet_IRISA;
17440;11:22.99;09:19;11:22.88;146M;145M;0.2;0.0;./Projet_IRISA;
17440;11:23.22;09:19;11:23.11;146M;145M;0.2;87.3;./Projet_IRISA;
17440;11:23.47;09:19;11:23.36;146M;145M;0.2;105.;./Projet_IRISA;
17440;11:23.73;09:19;11:23.62;146M;145M;0.2;122.;./Projet_IRISA;
17440;11:24.00;09:19;11:23.89;146M;145M;0.2;105.;./Projet_IRISA;
17440;11:24.27;09:19;11:24.16;146M;145M;0.2;95.2;./Projet_IRISA;
17440;11:24.52;09:19;11:24.41;146M;145M;0.2;87.3;./Projet_IRISA;
17440;11:24.77;09:19;11:24.66;146M;145M;0.2;109.;./Projet_IRISA;
17440;11:25.02;09:19;11:24.91;146M;145M;0.2;85.7;./Projet_IRISA;
17440;11:25.28;09:19;11:25.17;146M;145M;0.2;130.;./Projet_IRISA;
17440;11:25.53;09:19;11:25.42;146M;145M;0.2;107.;./Projet_IRISA;
17440;11:25.77;09:19;11:25.66;146M;145M;0.2;85.7;./Projet_IRISA;
17440;11:26.02;09:19;11:25.91;146M;145M;0.2;107.;./Projet_IRISA;
17440;11:26.27;09:19;11:26.16;146M;145M;0.2;81.4;./Projet_IRISA;
17440;11:26.52;09:19;11:26.41;146M;145M;0.2;87.3;./Projet_IRISA;
17440;11:26.77;09:19;11:26.66;146M;145M;0.2;107.;./Projet_IRISA;
17440;11:27.02;09:19;11:26.91;146M;145M;0.2;85.7;./Projet_IRISA;
17440;11:27.27;09:19;11:27.16;146M;145M;0.2;105.;./Projet_IRISA;
17440;11:27.52;09:19;11:27.41;146M;145M;0.2;88.9;./Projet_IRISA;
17440;11:27.77;09:19;11:27.66;147M;146M;0.2;113.;./Projet_IRISA;
17440;11:27.77;09:19;11:27.66;147M;146M;0.2;0.0;./Projet_IRISA;
17440;11:27.77;09:19;11:27.66;147M;146M;0.2;0.0;./Projet_IRISA;
17440;11:28.01;09:19;11:27.90;147M;146M;0.2;85.7;./Projet_IRISA;
17440;11:28.27;09:19;11:28.16;147M;146M;0.2;100.;./Projet_IRISA;
17440;11:28.52;09:19;11:28.41;147M;146M;0.2;84.2;./Projet_IRISA;
17440;11:28.78;09:19;11:28.67;147M;146M;0.2;109.;./Projet_IRISA;
17440;11:29.01;09:19;11:28.90;147M;146M;0.2;98.0;./Projet_IRISA;
17440;11:29.23;09:19;11:29.12;147M;146M;0.2;104.;./Projet_IRISA;
17440;11:29.45;09:19;11:29.34;147M;146M;0.2;92.3;./Projet_IRISA;
17440;11:29.67;09:19;11:29.56;147M;146M;0.2;109.;./Projet_IRISA;
17440;11:29.88;09:19;11:29.77;147M;146M;0.2;81.8;./Projet_IRISA;
17440;11:30.10;09:19;11:29.99;147M;146M;0.2;83.7;./Projet_IRISA;
17440;11:30.32;09:19;11:30.21;147M;146M;0.2;111.;./Projet_IRISA;
17440;11:30.54;09:19;11:30.43;147M;146M;0.2;109.;./Projet_IRISA;
17440;11:30.76;09:19;11:30.65;147M;146M;0.2;109.;./Projet_IRISA;
17440;11:30.99;09:19;11:30.88;147M;146M;0.2;88.9;./Projet_IRISA;
17440;11:31.21;09:19;11:31.10;147M;146M;0.2;111.;./Projet_IRISA;
17440;11:31.43;09:19;11:31.32;147M;146M;0.2;106.;./Projet_IRISA;
17440;11:31.64;09:19;11:31.53;147M;146M;0.2;83.7;./Projet_IRISA;
17440;11:31.86;09:19;11:31.75;147M;146M;0.2;106.;./Projet_IRISA;
17440;11:32.08;09:19;11:31.97;147M;146M;0.2;100.;./Projet_IRISA;
17440;11:32.30;09:19;11:32.19;147M;146M;0.2;109.;./Projet_IRISA;
17440;11:32.53;09:19;11:32.42;147M;146M;0.2;130.;./Projet_IRISA;
17440;11:32.54;09:19;11:32.43;148M;147M;0.2;0.0;./Projet_IRISA;
17440;11:32.54;09:19;11:32.43;148M;147M;0.2;0.0;./Projet_IRISA;
17440;11:32.69;09:19;11:32.58;148M;147M;0.2;136.;./Projet_IRISA;
17440;11:32.90;09:19;11:32.79;148M;147M;0.2;102.;./Projet_IRISA;
17440;11:33.12;09:19;11:33.01;148M;147M;0.2;109.;./Projet_IRISA;
17440;11:33.34;09:19;11:33.23;148M;147M;0.2;102.;./Projet_IRISA;
17440;11:33.56;09:19;11:33.45;148M;147M;0.2;102.;./Projet_IRISA;
17440;11:33.77;09:19;11:33.66;148M;147M;0.2;83.7;./Projet_IRISA;
17440;11:33.98;09:19;11:33.87;148M;147M;0.2;78.3;./Projet_IRISA;
17440;11:34.20;09:19;11:34.09;148M;147M;0.2;102.;./Projet_IRISA;
17440;11:34.42;09:19;11:34.31;148M;147M;0.2;111.;./Projet_IRISA;
17440;11:34.64;09:19;11:34.53;148M;147M;0.2;111.;./Projet_IRISA;
17440;11:34.85;09:19;11:34.74;148M;147M;0.2;109.;./Projet_IRISA;
17440;11:35.07;09:19;11:34.96;148M;147M;0.2;114.;./Projet_IRISA;
17440;11:35.29;09:19;11:35.18;148M;147M;0.2;111.;./Projet_IRISA;
17440;11:35.50;09:19;11:35.39;148M;147M;0.2;80.0;./Projet_IRISA;
17440;11:35.72;09:19;11:35.61;148M;147M;0.2;109.;./Projet_IRISA;
17440;11:35.94;09:19;11:35.83;148M;147M;0.2;100.;./Projet_IRISA;
17440;11:36.16;09:19;11:36.05;148M;147M;0.2;104.;./Projet_IRISA;
17440;11:36.37;09:19;11:36.26;148M;147M;0.2;80.0;./Projet_IRISA;
17440;11:36.59;09:19;11:36.48;148M;147M;0.2;111.;./Projet_IRISA;
17440;11:36.81;09:19;11:36.70;148M;147M;0.2;109.;./Projet_IRISA;
17440;11:37.02;09:19;11:36.91;148M;147M;0.2;81.8;./Projet_IRISA;
17440;11:37.24;09:19;11:37.13;148M;147M;0.2;109.;./Projet_IRISA;
17440;11:37.32;09:19;11:37.21;149M;148M;0.2;0.0;./Projet_IRISA;
17440;11:37.32;09:19;11:37.21;149M;148M;0.2;0.0;./Projet_IRISA;
17440;11:37.40;09:19;11:37.29;149M;148M;0.2;106.;./Projet_IRISA;
17440;11:37.62;09:19;11:37.51;149M;148M;0.2;111.;./Projet_IRISA;
17440;11:37.84;09:19;11:37.73;149M;148M;0.2;111.;./Projet_IRISA;
17440;11:38.06;09:19;11:37.95;149M;148M;0.2;106.;./Projet_IRISA;
17440;11:38.27;09:19;11:38.16;149M;148M;0.2;106.;./Projet_IRISA;
17440;11:38.48;09:19;11:38.37;149M;148M;0.2;83.7;./Projet_IRISA;
17440;11:38.71;09:19;11:38.60;149M;148M;0.2;109.;./Projet_IRISA;
17440;11:38.94;09:19;11:38.83;149M;148M;0.2;102.;./Projet_IRISA;
17440;11:39.16;09:19;11:39.05;149M;148M;0.2;104.;./Projet_IRISA;
17440;11:39.38;09:19;11:39.27;149M;148M;0.2;104.;./Projet_IRISA;
17440;11:39.59;09:19;11:39.48;149M;148M;0.2;109.;./Projet_IRISA;
17440;11:39.81;09:19;11:39.70;149M;148M;0.2;114.;./Projet_IRISA;
17440;11:40.02;09:19;11:39.91;149M;148M;0.2;81.8;./Projet_IRISA;
17440;11:40.24;09:19;11:40.13;149M;148M;0.2;104.;./Projet_IRISA;
17440;11:40.46;09:19;11:40.35;149M;148M;0.2;102.;./Projet_IRISA;
17440;11:40.67;09:19;11:40.56;149M;148M;0.2;81.8;./Projet_IRISA;
17440;11:40.89;09:19;11:40.78;149M;148M;0.2;78.3;./Projet_IRISA;
17440;11:41.12;09:19;11:41.01;149M;148M;0.2;104.;./Projet_IRISA;
17440;11:41.33;09:19;11:41.22;149M;148M;0.2;81.8;./Projet_IRISA;
17440;11:41.54;09:19;11:41.43;149M;148M;0.2;109.;./Projet_IRISA;
17440;11:41.74;09:19;11:41.63;149M;148M;0.2;81.8;./Projet_IRISA;
17440;11:41.95;09:19;11:41.84;149M;148M;0.2;78.3;./Projet_IRISA;
17440;11:42.10;09:19;11:41.99;150M;149M;0.2;0.0;./Projet_IRISA;
17440;11:42.10;09:19;11:41.99;150M;149M;0.2;0.0;./Projet_IRISA;
17440;11:42.11;09:19;11:42.00;150M;149M;0.2;27.9;./Projet_IRISA;
17440;11:42.33;09:19;11:42.22;150M;149M;0.2;109.;./Projet_IRISA;
17440;11:42.54;09:19;11:42.43;150M;149M;0.2;83.7;./Projet_IRISA;
17440;11:42.77;09:19;11:42.66;150M;149M;0.2;98.0;./Projet_IRISA;
17440;11:42.99;09:19;11:42.88;150M;149M;0.2;102.;./Projet_IRISA;
17440;11:43.21;09:19;11:43.10;150M;149M;0.2;106.;./Projet_IRISA;
17440;11:43.43;09:19;11:43.32;150M;149M;0.2;106.;./Projet_IRISA;
17440;11:43.66;09:19;11:43.55;150M;149M;0.2;102.;./Projet_IRISA;
17440;11:43.87;09:19;11:43.76;150M;149M;0.2;80.0;./Projet_IRISA;
17440;11:44.09;09:19;11:43.98;150M;149M;0.2;111.;./Projet_IRISA;
17440;11:44.30;09:19;11:44.19;150M;149M;0.2;83.7;./Projet_IRISA;
17440;11:44.52;09:19;11:44.41;150M;149M;0.2;111.;./Projet_IRISA;
17440;11:44.74;09:19;11:44.63;150M;149M;0.2;109.;./Projet_IRISA;
17440;11:44.97;09:19;11:44.86;150M;149M;0.2;102.;./Projet_IRISA;
17440;11:45.18;09:19;11:45.07;150M;149M;0.2;83.7;./Projet_IRISA;
17440;11:45.40;09:19;11:45.29;150M;149M;0.2;109.;./Projet_IRISA;
17440;11:45.62;09:19;11:45.51;150M;149M;0.2;109.;./Projet_IRISA;
17440;11:45.85;09:19;11:45.74;150M;149M;0.2;104.;./Projet_IRISA;
17440;11:46.06;09:19;11:45.95;150M;149M;0.2;81.8;./Projet_IRISA;
17440;11:46.29;09:19;11:46.18;150M;149M;0.2;133.;./Projet_IRISA;
17440;11:46.50;09:19;11:46.39;150M;149M;0.2;114.;./Projet_IRISA;
17440;11:46.72;09:19;11:46.61;150M;149M;0.2;104.;./Projet_IRISA;
17440;11:46.88;09:19;11:46.77;151M;150M;0.2;0.0;./Projet_IRISA;
17440;11:46.88;09:19;11:46.77;151M;150M;0.2;0.0;./Projet_IRISA;
17440;11:46.88;09:19;11:46.77;151M;150M;0.2;0.0;./Projet_IRISA;
17440;11:47.10;09:19;11:46.99;151M;150M;0.2;100.;./Projet_IRISA;
17440;11:47.31;09:19;11:47.20;151M;150M;0.2;80.0;./Projet_IRISA;
17440;11:47.53;09:19;11:47.42;151M;150M;0.2;106.;./Projet_IRISA;
17440;11:47.74;09:19;11:47.63;151M;150M;0.2;83.7;./Projet_IRISA;
17440;11:47.96;09:19;11:47.85;151M;150M;0.2;109.;./Projet_IRISA;
17440;11:48.19;09:19;11:48.08;151M;150M;0.2;102.;./Projet_IRISA;
17440;11:48.40;09:19;11:48.29;151M;150M;0.2;109.;./Projet_IRISA;
17440;11:48.63;09:19;11:48.52;151M;150M;0.2;100.;./Projet_IRISA;
17440;11:48.84;09:19;11:48.73;151M;150M;0.2;78.3;./Projet_IRISA;
17440;11:49.07;09:19;11:48.96;151M;150M;0.2;106.;./Projet_IRISA;
17440;11:49.28;09:19;11:49.17;151M;150M;0.2;85.7;./Projet_IRISA;
17440;11:49.50;09:19;11:49.39;151M;150M;0.2;109.;./Projet_IRISA;
17440;11:49.72;09:19;11:49.61;151M;150M;0.2;114.;./Projet_IRISA;
17440;11:49.93;09:19;11:49.82;151M;150M;0.2;109.;./Projet_IRISA;
17440;11:50.15;09:19;11:50.04;151M;150M;0.2;104.;./Projet_IRISA;
17440;11:50.36;09:19;11:50.25;151M;150M;0.2;81.8;./Projet_IRISA;
17440;11:50.58;09:19;11:50.47;151M;150M;0.2;111.;./Projet_IRISA;
17440;11:50.80;09:19;11:50.69;151M;150M;0.2;102.;./Projet_IRISA;
17440;11:51.01;09:19;11:50.90;151M;150M;0.2;83.7;./Projet_IRISA;
17440;11:51.23;09:19;11:51.12;151M;150M;0.2;106.;./Projet_IRISA;
17440;11:51.45;09:19;11:51.34;151M;150M;0.2;106.;./Projet_IRISA;
17440;11:51.65;09:19;11:51.54;152M;151M;0.2;57.1;./Projet_IRISA;
17440;11:51.65;09:19;11:51.54;152M;151M;0.2;0.0;./Projet_IRISA;
17440;11:51.65;09:19;11:51.54;152M;151M;0.2;0.0;./Projet_IRISA;
17440;11:51.81;09:19;11:51.70;152M;151M;0.2;78.3;./Projet_IRISA;
17440;11:52.02;09:19;11:51.91;152M;151M;0.2;78.3;./Projet_IRISA;
17440;11:52.24;09:19;11:52.13;152M;151M;0.2;109.;./Projet_IRISA;
17440;11:52.46;09:19;11:52.35;152M;151M;0.2;106.;./Projet_IRISA;
17440;11:52.68;09:19;11:52.57;152M;151M;0.2;109.;./Projet_IRISA;
17440;11:52.89;09:19;11:52.78;152M;151M;0.2;85.7;./Projet_IRISA;
17440;11:53.11;09:19;11:53.00;152M;151M;0.2;63.2;./Projet_IRISA;
17440;11:53.33;09:19;11:53.22;152M;151M;0.2;104.;./Projet_IRISA;
17440;11:53.55;09:19;11:53.44;152M;151M;0.2;104.;./Projet_IRISA;
17440;11:53.78;09:19;11:53.67;152M;151M;0.2;104.;./Projet_IRISA;
17440;11:53.99;09:19;11:53.88;152M;151M;0.2;83.7;./Projet_IRISA;
17440;11:54.21;09:19;11:54.10;152M;151M;0.2;109.;./Projet_IRISA;
17440;11:54.43;09:19;11:54.32;152M;151M;0.2;109.;./Projet_IRISA;
17440;11:54.64;09:19;11:54.53;152M;151M;0.2;109.;./Projet_IRISA;
17440;11:54.86;09:19;11:54.75;152M;151M;0.2;104.;./Projet_IRISA;
17440;11:55.09;09:19;11:54.98;152M;151M;0.2;104.;./Projet_IRISA;
17440;11:55.31;09:19;11:55.20;152M;151M;0.2;100.;./Projet_IRISA;
17440;11:55.53;09:19;11:55.42;152M;151M;0.2;100.;./Projet_IRISA;
17440;11:55.76;09:19;11:55.65;152M;151M;0.2;104.;./Projet_IRISA;
17440;11:55.97;09:19;11:55.86;152M;151M;0.2;80.0;./Projet_IRISA;
17440;11:56.20;09:19;11:56.09;152M;151M;0.2;96.0;./Projet_IRISA;
17440;11:56.41;09:19;11:56.30;152M;151M;0.2;81.8;./Projet_IRISA;
17440;11:56.43;09:19;11:56.32;153M;152M;0.2;0.0;./Projet_IRISA;
17440;11:56.43;09:19;11:56.32;153M;152M;0.2;0.0;./Projet_IRISA;
17440;11:56.56;09:19;11:56.45;153M;152M;0.2;117.;./Projet_IRISA;
17440;11:56.77;09:19;11:56.66;153M;152M;0.2;83.7;./Projet_IRISA;
17440;11:56.99;09:19;11:56.88;153M;152M;0.2;109.;./Projet_IRISA;
17440;11:57.22;09:19;11:57.11;153M;152M;0.2;88.9;./Projet_IRISA;
17440;11:57.44;09:19;11:57.33;153M;152M;0.2;111.;./Projet_IRISA;
17440;11:57.65;09:19;11:57.54;153M;152M;0.2;111.;./Projet_IRISA;
17440;11:57.86;09:19;11:57.75;153M;152M;0.2;117.;./Projet_IRISA;
17440;11:58.08;09:19;11:57.97;153M;152M;0.2;106.;./Projet_IRISA;
17440;11:58.29;09:19;11:58.18;153M;152M;0.2;83.7;./Projet_IRISA;
17440;11:58.51;09:19;11:58.40;153M;152M;0.2;106.;./Projet_IRISA;
17440;11:58.72;09:19;11:58.61;153M;152M;0.2;114.;./Projet_IRISA;
17440;11:58.94;09:19;11:58.83;153M;152M;0.2;109.;./Projet_IRISA;
17440;11:59.16;09:19;11:59.05;153M;152M;0.2;94.1;./Projet_IRISA;
17440;11:59.38;09:19;11:59.27;153M;152M;0.2;109.;./Projet_IRISA;
17440;11:59.59;09:19;11:59.48;153M;152M;0.2;83.7;./Projet_IRISA;
17440;11:59.81;09:19;11:59.70;153M;152M;0.2;104.;./Projet_IRISA;
17440;12:00.03;09:19;11:59.92;153M;152M;0.2;111.;./Projet_IRISA;
17440;12:00.25;09:19;12:00.14;153M;152M;0.2;106.;./Projet_IRISA;
17440;12:00.47;09:19;12:00.36;153M;152M;0.2;109.;./Projet_IRISA;
17440;12:00.68;09:19;12:00.57;153M;152M;0.2;83.7;./Projet_IRISA;
17440;12:00.90;09:19;12:00.79;153M;152M;0.2;106.;./Projet_IRISA;
17440;12:01.11;09:19;12:01.00;153M;152M;0.2;78.3;./Projet_IRISA;
17440;12:01.20;09:19;12:01.09;154M;153M;0.2;0.0;./Projet_IRISA;
17440;12:01.20;09:19;12:01.09;154M;153M;0.2;0.0;./Projet_IRISA;
17440;12:01.26;09:19;12:01.15;154M;153M;0.2;109.;./Projet_IRISA;
17440;12:01.48;09:19;12:01.37;154M;153M;0.2;111.;./Projet_IRISA;
17440;12:01.69;09:19;12:01.58;154M;153M;0.2;81.8;./Projet_IRISA;
17440;12:01.92;09:19;12:01.81;154M;153M;0.2;98.0;./Projet_IRISA;
17440;12:02.13;09:19;12:02.02;154M;153M;0.2;81.8;./Projet_IRISA;
17440;12:02.35;09:19;12:02.24;154M;153M;0.2;114.;./Projet_IRISA;
17440;12:02.56;09:19;12:02.45;154M;153M;0.2;114.;./Projet_IRISA;
17440;12:02.78;09:19;12:02.67;154M;153M;0.2;109.;./Projet_IRISA;
17440;12:03.00;09:19;12:02.89;154M;153M;0.2;106.;./Projet_IRISA;
17440;12:03.22;09:19;12:03.11;154M;153M;0.2;117.;./Projet_IRISA;
17440;12:03.43;09:19;12:03.32;154M;153M;0.2;106.;./Projet_IRISA;
17440;12:03.65;09:19;12:03.54;154M;153M;0.2;104.;./Projet_IRISA;
17440;12:03.86;09:19;12:03.75;154M;153M;0.2;111.;./Projet_IRISA;
17440;12:04.07;09:19;12:03.96;154M;153M;0.2;83.7;./Projet_IRISA;
17440;12:04.29;09:19;12:04.18;154M;153M;0.2;102.;./Projet_IRISA;
17440;12:04.50;09:19;12:04.39;154M;153M;0.2;106.;./Projet_IRISA;
17440;12:04.72;09:19;12:04.61;154M;153M;0.2;104.;./Projet_IRISA;
17440;12:04.93;09:19;12:04.82;154M;153M;0.2;117.;./Projet_IRISA;
17440;12:05.14;09:19;12:05.03;154M;153M;0.2;83.7;./Projet_IRISA;
17440;12:05.38;09:19;12:05.27;154M;153M;0.2;127.;./Projet_IRISA;
17440;12:05.60;09:19;12:05.49;154M;153M;0.2;73.5;./Projet_IRISA;
17440;12:05.82;09:19;12:05.71;154M;153M;0.2;109.;./Projet_IRISA;
17440;12:05.98;09:19;12:05.86;155M;154M;0.2;0.0;./Projet_IRISA;
17440;12:05.98;09:19;12:05.86;155M;154M;0.2;0.0;./Projet_IRISA;
17440;12:05.98;09:19;12:05.86;155M;154M;0.2;0.0;./Projet_IRISA;
17440;12:06.19;09:19;12:06.07;155M;154M;0.2;85.7;./Projet_IRISA;
17440;12:06.42;09:19;12:06.30;155M;154M;0.2;106.;./Projet_IRISA;
17440;12:06.63;09:19;12:06.51;155M;154M;0.2;83.7;./Projet_IRISA;
17440;12:06.86;09:19;12:06.74;155M;154M;0.2;102.;./Projet_IRISA;
17440;12:07.08;09:19;12:06.96;155M;154M;0.2;109.;./Projet_IRISA;
17440;12:07.29;09:19;12:07.17;155M;154M;0.2;114.;./Projet_IRISA;
17440;12:07.52;09:19;12:07.40;155M;154M;0.2;100.;./Projet_IRISA;
17440;12:07.74;09:19;12:07.62;155M;154M;0.2;111.;./Projet_IRISA;
17440;12:07.97;09:19;12:07.85;155M;154M;0.2;104.;./Projet_IRISA;
17440;12:08.18;09:19;12:08.06;155M;154M;0.2;109.;./Projet_IRISA;
17440;12:08.39;09:19;12:08.27;155M;154M;0.2;81.8;./Projet_IRISA;
17440;12:08.62;09:19;12:08.50;155M;154M;0.2;109.;./Projet_IRISA;
17440;12:08.83;09:19;12:08.71;155M;154M;0.2;75.0;./Projet_IRISA;
17440;12:09.05;09:19;12:08.93;155M;154M;0.2;114.;./Projet_IRISA;
17440;12:09.27;09:19;12:09.15;155M;154M;0.2;106.;./Projet_IRISA;
17440;12:09.48;09:19;12:09.36;155M;154M;0.2;83.7;./Projet_IRISA;
17440;12:09.70;09:19;12:09.58;155M;154M;0.2;109.;./Projet_IRISA;
17440;12:09.92;09:19;12:09.80;155M;154M;0.2;111.;./Projet_IRISA;
17440;12:10.13;09:19;12:10.01;155M;154M;0.2;81.8;./Projet_IRISA;
17440;12:10.35;09:19;12:10.23;155M;154M;0.2;104.;./Projet_IRISA;
17440;12:10.57;09:19;12:10.45;155M;154M;0.2;109.;./Projet_IRISA;
17440;12:10.77;09:19;12:10.65;156M;155M;0.2;83.7;./Projet_IRISA;
17440;12:10.77;09:19;12:10.65;156M;155M;0.2;0.0;./Projet_IRISA;
17440;12:10.77;09:19;12:10.65;156M;155M;0.2;0.0;./Projet_IRISA;
17440;12:10.93;09:19;12:10.81;156M;155M;0.2;111.;./Projet_IRISA;
17440;12:11.14;09:19;12:11.02;156M;155M;0.2;111.;./Projet_IRISA;
17440;12:11.36;09:19;12:11.24;156M;155M;0.2;114.;./Projet_IRISA;
17440;12:11.58;09:19;12:11.46;156M;155M;0.2;98.0;./Projet_IRISA;
17440;12:11.80;09:19;12:11.68;156M;155M;0.2;104.;./Projet_IRISA;
17440;12:12.02;09:19;12:11.90;156M;155M;0.2;106.;./Projet_IRISA;
17440;12:12.25;09:19;12:12.13;156M;155M;0.2;100.;./Projet_IRISA;
17440;12:12.46;09:19;12:12.34;156M;155M;0.2;85.7;./Projet_IRISA;
17440;12:12.68;09:19;12:12.56;156M;155M;0.2;111.;./Projet_IRISA;
17440;12:12.90;09:19;12:12.78;156M;155M;0.2;100.;./Projet_IRISA;
17440;12:13.11;09:19;12:12.99;156M;155M;0.2;83.7;./Projet_IRISA;
17440;12:13.33;09:19;12:13.21;156M;155M;0.2;76.6;./Projet_IRISA;
17440;12:13.55;09:19;12:13.43;156M;155M;0.2;109.;./Projet_IRISA;
17440;12:13.77;09:19;12:13.65;156M;155M;0.2;104.;./Projet_IRISA;
17440;12:13.98;09:19;12:13.86;156M;155M;0.2;76.6;./Projet_IRISA;
17440;12:14.21;09:19;12:14.09;156M;155M;0.2;84.2;./Projet_IRISA;
17440;12:14.43;09:19;12:14.31;156M;155M;0.2;114.;./Projet_IRISA;
17440;12:14.65;09:19;12:14.53;156M;155M;0.2;102.;./Projet_IRISA;
17440;12:14.86;09:19;12:14.74;156M;155M;0.2;114.;./Projet_IRISA;
17440;12:15.07;09:19;12:14.95;156M;155M;0.2;106.;./Projet_IRISA;
17440;12:15.29;09:19;12:15.17;156M;155M;0.2;106.;./Projet_IRISA;
17440;12:15.50;09:19;12:15.38;156M;155M;0.2;81.8;./Projet_IRISA;
17440;12:15.54;09:19;12:15.42;157M;156M;0.2;0.0;./Projet_IRISA;
17440;12:15.54;09:19;12:15.42;157M;156M;0.2;0.0;./Projet_IRISA;
17440;12:15.67;09:19;12:15.55;157M;156M;0.2;98.0;./Projet_IRISA;
17440;12:15.89;09:19;12:15.77;157M;156M;0.2;109.;./Projet_IRISA;
17440;12:16.10;09:19;12:15.98;157M;156M;0.2;81.8;./Projet_IRISA;
17440;12:16.32;09:19;12:16.20;157M;156M;0.2;111.;./Projet_IRISA;
17440;12:16.53;09:19;12:16.41;157M;156M;0.2;85.7;./Projet_IRISA;
17440;12:16.75;09:19;12:16.63;157M;156M;0.2;114.;./Projet_IRISA;
17440;12:16.97;09:19;12:16.85;157M;156M;0.2;109.;./Projet_IRISA;
17440;12:17.20;09:19;12:17.08;157M;156M;0.2;100.;./Projet_IRISA;
17440;12:17.41;09:19;12:17.29;157M;156M;0.2;81.8;./Projet_IRISA;
17440;12:17.63;09:19;12:17.51;157M;156M;0.2;111.;./Projet_IRISA;
17440;12:17.85;09:19;12:17.73;157M;156M;0.2;120.;./Projet_IRISA;
17440;12:18.05;09:19;12:17.93;157M;156M;0.2;104.;./Projet_IRISA;
17440;12:18.26;09:19;12:18.14;157M;156M;0.2;102.;./Projet_IRISA;
17440;12:18.48;09:19;12:18.36;157M;156M;0.2;102.;./Projet_IRISA;
17440;12:18.69;09:19;12:18.57;157M;156M;0.2;81.8;./Projet_IRISA;
17440;12:18.91;09:19;12:18.79;157M;156M;0.2;117.;./Projet_IRISA;
17440;12:19.13;09:19;12:19.01;157M;156M;0.2;111.;./Projet_IRISA;
17440;12:19.34;09:19;12:19.22;157M;156M;0.2;109.;./Projet_IRISA;
17440;12:19.56;09:19;12:19.44;157M;156M;0.2;98.0;./Projet_IRISA;
17440;12:19.77;09:19;12:19.65;157M;156M;0.2;81.8;./Projet_IRISA;
17440;12:19.99;09:19;12:19.87;157M;156M;0.2;85.7;./Projet_IRISA;
17440;12:20.21;09:19;12:20.09;157M;156M;0.2;114.;./Projet_IRISA;
17440;12:20.32;09:19;12:20.20;158M;157M;0.3;0.0;./Projet_IRISA;
17440;12:20.32;09:19;12:20.20;158M;157M;0.3;0.0;./Projet_IRISA;
17440;12:20.36;09:19;12:20.24;158M;157M;0.3;106.;./Projet_IRISA;
17440;12:20.57;09:19;12:20.45;158M;157M;0.3;111.;./Projet_IRISA;
17440;12:20.78;09:19;12:20.66;158M;157M;0.3;80.0;./Projet_IRISA;
17440;12:21.00;09:19;12:20.88;158M;157M;0.3;111.;./Projet_IRISA;
17440;12:21.21;09:19;12:21.09;158M;157M;0.3;85.7;./Projet_IRISA;
17440;12:21.43;09:19;12:21.31;158M;157M;0.3;111.;./Projet_IRISA;
17440;12:21.64;09:19;12:21.52;158M;157M;0.3;80.0;./Projet_IRISA;
17440;12:21.86;09:19;12:21.74;158M;157M;0.3;102.;./Projet_IRISA;
17440;12:22.08;09:19;12:21.96;158M;157M;0.3;106.;./Projet_IRISA;
17440;12:22.29;09:19;12:22.17;158M;157M;0.3;109.;./Projet_IRISA;
17440;12:22.53;09:19;12:22.41;158M;157M;0.3;125.;./Projet_IRISA;
17440;12:22.74;09:19;12:22.62;158M;157M;0.3;72.0;./Projet_IRISA;
17440;12:22.96;09:19;12:22.84;158M;157M;0.3;114.;./Projet_IRISA;
17440;12:23.19;09:19;12:23.07;158M;157M;0.3;102.;./Projet_IRISA;
17440;12:23.41;09:19;12:23.29;158M;157M;0.3;111.;./Projet_IRISA;
17440;12:23.62;09:19;12:23.50;158M;157M;0.3;81.8;./Projet_IRISA;
17440;12:23.85;09:19;12:23.73;158M;157M;0.3;98.0;./Projet_IRISA;
17440;12:24.07;09:19;12:23.95;158M;157M;0.3;83.7;./Projet_IRISA;
17440;12:24.30;09:19;12:24.18;158M;157M;0.3;104.;./Projet_IRISA;
17440;12:24.52;09:19;12:24.40;158M;157M;0.3;106.;./Projet_IRISA;
17440;12:24.74;09:19;12:24.62;158M;157M;0.3;106.;./Projet_IRISA;
17440;12:24.95;09:19;12:24.83;158M;157M;0.3;78.3;./Projet_IRISA;
17440;12:25.10;09:19;12:24.98;159M;158M;0.3;0.0;./Projet_IRISA;
17440;12:25.10;09:19;12:24.98;159M;158M;0.3;0.0;./Projet_IRISA;
17440;12:25.10;09:19;12:24.98;159M;158M;0.3;0.0;./Projet_IRISA;
17440;12:25.33;09:19;12:25.21;159M;158M;0.3;98.0;./Projet_IRISA;
17440;12:25.54;09:19;12:25.42;159M;158M;0.3;80.0;./Projet_IRISA;
17440;12:25.76;09:19;12:25.64;159M;158M;0.3;106.;./Projet_IRISA;
17440;12:25.98;09:19;12:25.86;159M;158M;0.3;114.;./Projet_IRISA;
17440;12:26.19;09:19;12:26.07;159M;158M;0.3;111.;./Projet_IRISA;
17440;12:26.41;09:19;12:26.29;159M;158M;0.3;120.;./Projet_IRISA;
17440;12:26.62;09:19;12:26.50;159M;158M;0.3;81.8;./Projet_IRISA;
17440;12:26.84;09:19;12:26.72;159M;158M;0.3;106.;./Projet_IRISA;
17440;12:27.06;09:19;12:26.94;159M;158M;0.3;100.;./Projet_IRISA;
17440;12:27.29;09:19;12:27.17;159M;158M;0.3;104.;./Projet_IRISA;
17440;12:27.53;09:19;12:27.41;159M;158M;0.3;100.;./Projet_IRISA;
17440;12:27.75;09:19;12:27.63;159M;158M;0.3;94.1;./Projet_IRISA;
17440;12:27.97;09:19;12:27.85;159M;158M;0.3;106.;./Projet_IRISA;
17440;12:28.19;09:19;12:28.07;159M;158M;0.3;111.;./Projet_IRISA;
17440;12:28.40;09:19;12:28.28;159M;158M;0.3;85.7;./Projet_IRISA;
17440;12:28.62;09:19;12:28.50;159M;158M;0.3;111.;./Projet_IRISA;
17440;12:28.83;09:19;12:28.71;159M;158M;0.3;109.;./Projet_IRISA;
17440;12:29.04;09:19;12:28.92;159M;158M;0.3;81.8;./Projet_IRISA;
17440;12:29.28;09:19;12:29.16;159M;158M;0.3;94.1;./Projet_IRISA;
17440;12:29.52;09:19;12:29.40;159M;158M;0.3;100.;./Projet_IRISA;
17440;12:29.74;09:19;12:29.62;159M;158M;0.3;109.;./Projet_IRISA;
17440;12:29.88;09:19;12:29.76;160M;159M;0.3;0.0;./Projet_IRISA;
17440;12:29.88;09:19;12:29.76;160M;159M;0.3;0.0;./Projet_IRISA;
17440;12:29.90;09:19;12:29.78;160M;159M;0.3;54.5;./Projet_IRISA;
17440;12:30.12;09:19;12:30.00;160M;159M;0.3;111.;./Projet_IRISA;
17440;12:30.33;09:19;12:30.21;160M;159M;0.3;83.7;./Projet_IRISA;
17440;12:30.55;09:19;12:30.43;160M;159M;0.3;104.;./Projet_IRISA;
17440;12:30.77;09:19;12:30.65;160M;159M;0.3;109.;./Projet_IRISA;
17440;12:30.98;09:19;12:30.86;160M;159M;0.3;83.7;./Projet_IRISA;
17440;12:31.20;09:19;12:31.08;160M;159M;0.3;109.;./Projet_IRISA;
17440;12:31.42;09:19;12:31.30;160M;159M;0.3;114.;./Projet_IRISA;
17440;12:31.63;09:19;12:31.51;160M;159M;0.3;80.0;./Projet_IRISA;
17440;12:31.85;09:19;12:31.73;160M;159M;0.3;81.8;./Projet_IRISA;
17440;12:32.07;09:19;12:31.95;160M;159M;0.3;117.;./Projet_IRISA;
17440;12:32.29;09:19;12:32.17;160M;159M;0.3;98.0;./Projet_IRISA;
17440;12:32.51;09:19;12:32.39;160M;159M;0.3;109.;./Projet_IRISA;
17440;12:32.72;09:19;12:32.60;160M;159M;0.3;81.8;./Projet_IRISA;
17440;12:32.95;09:19;12:32.83;160M;159M;0.3;104.;./Projet_IRISA;
17440;12:33.16;09:19;12:33.04;160M;159M;0.3;114.;./Projet_IRISA;
17440;12:33.37;09:19;12:33.25;160M;159M;0.3;80.0;./Projet_IRISA;
17440;12:33.59;09:19;12:33.47;160M;159M;0.3;114.;./Projet_IRISA;
17440;12:33.82;09:19;12:33.70;160M;159M;0.3;104.;./Projet_IRISA;
17440;12:34.03;09:19;12:33.91;160M;159M;0.3;109.;./Projet_IRISA;
17440;12:34.25;09:19;12:34.13;160M;159M;0.3;106.;./Projet_IRISA;
17440;12:34.46;09:19;12:34.34;160M;159M;0.3;109.;./Projet_IRISA;
17440;12:34.66;09:19;12:34.54;161M;160M;0.3;25.5;./Projet_IRISA;
17440;12:34.66;09:19;12:34.54;161M;160M;0.3;0.0;./Projet_IRISA;
17440;12:34.66;09:19;12:34.54;161M;160M;0.3;0.0;./Projet_IRISA;
17440;12:34.87;09:19;12:34.75;161M;160M;0.3;98.0;./Projet_IRISA;
17440;12:35.09;09:19;12:34.97;161M;160M;0.3;109.;./Projet_IRISA;
17440;12:35.30;09:19;12:35.18;161M;160M;0.3;111.;./Projet_IRISA;
17440;12:35.53;09:19;12:35.41;161M;160M;0.3;96.0;./Projet_IRISA;
17440;12:35.75;09:19;12:35.63;161M;160M;0.3;109.;./Projet_IRISA;
17440;12:35.97;09:19;12:35.85;161M;160M;0.3;109.;./Projet_IRISA;
17440;12:36.20;09:19;12:36.08;161M;160M;0.3;100.;./Projet_IRISA;
17440;12:36.42;09:19;12:36.30;161M;160M;0.3;83.7;./Projet_IRISA;
17440;12:36.64;09:19;12:36.52;161M;160M;0.3;106.;./Projet_IRISA;
17440;12:36.85;09:19;12:36.73;161M;160M;0.3;83.7;./Projet_IRISA;
17440;12:37.07;09:19;12:36.95;161M;160M;0.3;104.;./Projet_IRISA;
17440;12:37.29;09:19;12:37.17;161M;160M;0.3;109.;./Projet_IRISA;
17440;12:37.50;09:19;12:37.38;161M;160M;0.3;81.8;./Projet_IRISA;
17440;12:37.73;09:19;12:37.61;161M;160M;0.3;106.;./Projet_IRISA;
17440;12:37.95;09:19;12:37.83;161M;160M;0.3;102.;./Projet_IRISA;
17440;12:38.16;09:19;12:38.04;161M;160M;0.3;81.8;./Projet_IRISA;
17440;12:38.39;09:19;12:38.27;161M;160M;0.3;106.;./Projet_IRISA;
17440;12:38.60;09:19;12:38.48;161M;160M;0.3;81.8;./Projet_IRISA;
17440;12:38.81;09:19;12:38.69;161M;160M;0.3;81.8;./Projet_IRISA;
17440;12:39.03;09:19;12:38.91;161M;160M;0.3;109.;./Projet_IRISA;
17440;12:39.24;09:19;12:39.12;161M;160M;0.3;81.8;./Projet_IRISA;
17440;12:39.44;09:19;12:39.32;162M;161M;0.3;57.1;./Projet_IRISA;
17440;12:39.44;09:19;12:39.32;162M;161M;0.3;0.0;./Projet_IRISA;
17440;12:39.44;09:19;12:39.32;162M;161M;0.3;0.0;./Projet_IRISA;
17440;12:39.61;09:19;12:39.49;162M;161M;0.3;111.;./Projet_IRISA;
17440;12:39.82;09:19;12:39.70;162M;161M;0.3;83.7;./Projet_IRISA;
17440;12:40.04;09:19;12:39.92;162M;161M;0.3;98.0;./Projet_IRISA;
17440;12:40.26;09:19;12:40.14;162M;161M;0.3;109.;./Projet_IRISA;
17440;12:40.49;09:19;12:40.37;162M;161M;0.3;102.;./Projet_IRISA;
17440;12:40.71;09:19;12:40.59;162M;161M;0.3;114.;./Projet_IRISA;
17440;12:40.92;09:19;12:40.80;162M;161M;0.3;109.;./Projet_IRISA;
17440;12:41.14;09:19;12:41.02;162M;161M;0.3;109.;./Projet_IRISA;
17440;12:41.35;09:19;12:41.23;162M;161M;0.3;83.7;./Projet_IRISA;
17440;12:41.58;09:19;12:41.46;162M;161M;0.3;100.;./Projet_IRISA;
17440;12:41.80;09:19;12:41.68;162M;161M;0.3;106.;./Projet_IRISA;
17440;12:42.02;09:19;12:41.90;162M;161M;0.3;102.;./Projet_IRISA;
17440;12:42.24;09:19;12:42.12;162M;161M;0.3;114.;./Projet_IRISA;
17440;12:42.45;09:19;12:42.33;162M;161M;0.3;111.;./Projet_IRISA;
17440;12:42.66;09:19;12:42.54;162M;161M;0.3;111.;./Projet_IRISA;
17440;12:42.89;09:19;12:42.77;162M;161M;0.3;100.;./Projet_IRISA;
17440;12:43.11;09:19;12:42.99;162M;161M;0.3;106.;./Projet_IRISA;
17440;12:43.33;09:19;12:43.21;162M;161M;0.3;75.0;./Projet_IRISA;
17440;12:43.55;09:19;12:43.43;162M;161M;0.3;109.;./Projet_IRISA;
17440;12:43.77;09:19;12:43.65;162M;161M;0.3;109.;./Projet_IRISA;
17440;12:43.98;09:19;12:43.86;162M;161M;0.3;83.7;./Projet_IRISA;
17440;12:44.20;09:19;12:44.08;162M;161M;0.3;109.;./Projet_IRISA;
17440;12:44.21;09:19;12:44.09;163M;162M;0.3;0.0;./Projet_IRISA;
17440;12:44.21;09:19;12:44.09;163M;162M;0.3;0.0;./Projet_IRISA;
17440;12:44.37;09:19;12:44.25;163M;162M;0.3;100.;./Projet_IRISA;
17440;12:44.58;09:19;12:44.46;163M;162M;0.3;80.0;./Projet_IRISA;
17440;12:44.80;09:19;12:44.68;163M;162M;0.3;80.0;./Projet_IRISA;
17440;12:45.03;09:19;12:44.91;163M;162M;0.3;127.;./Projet_IRISA;
17440;12:45.25;09:19;12:45.13;163M;162M;0.3;100.;./Projet_IRISA;
17440;12:45.46;09:19;12:45.34;163M;162M;0.3;81.8;./Projet_IRISA;
17440;12:45.69;09:19;12:45.57;163M;162M;0.3;106.;./Projet_IRISA;
17440;12:45.91;09:19;12:45.79;163M;162M;0.3;111.;./Projet_IRISA;
17440;12:46.12;09:19;12:46.00;163M;162M;0.3;81.8;./Projet_IRISA;
17440;12:46.34;09:19;12:46.22;163M;162M;0.3;106.;./Projet_IRISA;
17440;12:46.57;09:19;12:46.45;163M;162M;0.3;104.;./Projet_IRISA;
17440;12:46.78;09:19;12:46.66;163M;162M;0.3;83.7;./Projet_IRISA;
17440;12:46.99;09:19;12:46.87;163M;162M;0.3;83.7;./Projet_IRISA;
17440;12:47.21;09:19;12:47.09;163M;162M;0.3;106.;./Projet_IRISA;
17440;12:47.42;09:19;12:47.30;163M;162M;0.3;81.8;./Projet_IRISA;
17440;12:47.64;09:19;12:47.52;163M;162M;0.3;114.;./Projet_IRISA;
17440;12:47.86;09:19;12:47.74;163M;162M;0.3;111.;./Projet_IRISA;
17440;12:48.09;09:19;12:47.97;163M;162M;0.3;96.0;./Projet_IRISA;
17440;12:48.30;09:19;12:48.18;163M;162M;0.3;81.8;./Projet_IRISA;
17440;12:48.51;09:19;12:48.39;163M;162M;0.3;83.7;./Projet_IRISA;
17440;12:48.73;09:19;12:48.61;163M;162M;0.3;111.;./Projet_IRISA;
17440;12:48.94;09:19;12:48.82;163M;162M;0.3;81.8;./Projet_IRISA;
17440;12:49.00;09:19;12:48.87;164M;163M;0.3;0.0;./Projet_IRISA;
17440;12:49.00;09:19;12:48.87;164M;163M;0.3;0.0;./Projet_IRISA;
17440;12:49.11;09:19;12:48.98;164M;163M;0.3;100.;./Projet_IRISA;
17440;12:49.33;09:19;12:49.20;164M;163M;0.3;109.;./Projet_IRISA;
17440;12:49.55;09:19;12:49.42;164M;163M;0.3;96.0;./Projet_IRISA;
17440;12:49.78;09:19;12:49.65;164M;163M;0.3;104.;./Projet_IRISA;
17440;12:50.01;09:19;12:49.88;164M;163M;0.3;104.;./Projet_IRISA;
17440;12:50.23;09:19;12:50.10;164M;163M;0.3;96.0;./Projet_IRISA;
17440;12:50.44;09:19;12:50.31;164M;163M;0.3;81.8;./Projet_IRISA;
17440;12:50.66;09:19;12:50.53;164M;163M;0.3;106.;./Projet_IRISA;
17440;12:50.88;09:19;12:50.75;164M;163M;0.3;106.;./Projet_IRISA;
17440;12:51.10;09:19;12:50.97;164M;163M;0.3;109.;./Projet_IRISA;
17440;12:51.32;09:19;12:51.19;164M;163M;0.3;102.;./Projet_IRISA;
17440;12:51.54;09:19;12:51.41;164M;163M;0.3;109.;./Projet_IRISA;
17440;12:51.76;09:19;12:51.63;164M;163M;0.3;98.0;./Projet_IRISA;
17440;12:51.99;09:19;12:51.86;164M;163M;0.3;100.;./Projet_IRISA;
17440;12:52.20;09:19;12:52.07;164M;163M;0.3;80.0;./Projet_IRISA;
17440;12:52.42;09:19;12:52.29;164M;163M;0.3;111.;./Projet_IRISA;
17440;12:52.65;09:19;12:52.52;164M;163M;0.3;100.;./Projet_IRISA;
17440;12:52.87;09:19;12:52.74;164M;163M;0.3;109.;./Projet_IRISA;
17440;12:53.08;09:19;12:52.95;164M;163M;0.3;83.7;./Projet_IRISA;
17440;12:53.31;09:19;12:53.18;164M;163M;0.3;100.;./Projet_IRISA;
17440;12:53.53;09:19;12:53.40;164M;163M;0.3;102.;./Projet_IRISA;
17440;12:53.75;09:19;12:53.62;164M;163M;0.3;81.8;./Projet_IRISA;
17440;12:53.77;09:19;12:53.64;165M;164M;0.3;0.0;./Projet_IRISA;
17440;12:53.77;09:19;12:53.64;165M;164M;0.3;0.0;./Projet_IRISA;
17440;12:53.91;09:19;12:53.78;165M;164M;0.3;109.;./Projet_IRISA;
17440;12:54.12;09:19;12:53.99;165M;164M;0.3;81.8;./Projet_IRISA;
17440;12:54.36;09:19;12:54.23;165M;164M;0.3;82.8;./Projet_IRISA;
17440;12:54.57;09:19;12:54.44;165M;164M;0.3;106.;./Projet_IRISA;
17440;12:54.79;09:19;12:54.66;165M;164M;0.3;106.;./Projet_IRISA;
17440;12:55.00;09:19;12:54.87;165M;164M;0.3;81.8;./Projet_IRISA;
17440;12:55.22;09:19;12:55.09;165M;164M;0.3;109.;./Projet_IRISA;
17440;12:55.44;09:19;12:55.31;165M;164M;0.3;111.;./Projet_IRISA;
17440;12:55.65;09:19;12:55.52;165M;164M;0.3;120.;./Projet_IRISA;
17440;12:55.87;09:19;12:55.74;165M;164M;0.3;104.;./Projet_IRISA;
17440;12:56.08;09:19;12:55.95;165M;164M;0.3;81.8;./Projet_IRISA;
17440;12:56.30;09:19;12:56.17;165M;164M;0.3;100.;./Projet_IRISA;
17440;12:56.52;09:19;12:56.39;165M;164M;0.3;114.;./Projet_IRISA;
17440;12:56.73;09:19;12:56.60;165M;164M;0.3;81.8;./Projet_IRISA;
17440;12:56.95;09:19;12:56.82;165M;164M;0.3;106.;./Projet_IRISA;
17440;12:57.16;09:19;12:57.03;165M;164M;0.3;83.7;./Projet_IRISA;
17440;12:57.38;09:19;12:57.25;165M;164M;0.3;109.;./Projet_IRISA;
17440;12:57.60;09:19;12:57.47;165M;164M;0.3;104.;./Projet_IRISA;
17440;12:57.81;09:19;12:57.68;165M;164M;0.3;106.;./Projet_IRISA;
17440;12:58.03;09:19;12:57.90;165M;164M;0.3;106.;./Projet_IRISA;
17440;12:58.26;09:19;12:58.13;165M;164M;0.3;104.;./Projet_IRISA;
17440;12:58.47;09:19;12:58.34;165M;164M;0.3;83.7;./Projet_IRISA;
17440;12:58.55;09:19;12:58.42;166M;165M;0.3;0.0;./Projet_IRISA;
17440;12:58.55;09:19;12:58.42;166M;165M;0.3;0.0;./Projet_IRISA;
17440;12:58.64;09:19;12:58.51;166M;165M;0.3;109.;./Projet_IRISA;
17440;12:58.87;09:19;12:58.74;166M;165M;0.3;102.;./Projet_IRISA;
17440;12:59.08;09:19;12:58.95;166M;165M;0.3;85.7;./Projet_IRISA;
17440;12:59.30;09:19;12:59.17;166M;165M;0.3;114.;./Projet_IRISA;
17440;12:59.53;09:19;12:59.40;166M;165M;0.3;104.;./Projet_IRISA;
17440;12:59.74;09:19;12:59.61;166M;165M;0.3;83.7;./Projet_IRISA;
17440;12:59.96;09:19;12:59.83;166M;165M;0.3;111.;./Projet_IRISA;
17440;13:00.17;09:19;13:00.04;166M;165M;0.3;81.8;./Projet_IRISA;
17440;13:00.39;09:19;13:00.26;166M;165M;0.3;102.;./Projet_IRISA;
17440;13:00.61;09:19;13:00.48;166M;165M;0.3;81.8;./Projet_IRISA;
17440;13:00.85;09:19;13:00.72;166M;165M;0.3;106.;./Projet_IRISA;
17440;13:01.08;09:19;13:00.95;166M;165M;0.3;104.;./Projet_IRISA;
17440;13:01.29;09:19;13:01.16;166M;165M;0.3;80.0;./Projet_IRISA;
17440;13:01.51;09:19;13:01.38;166M;165M;0.3;106.;./Projet_IRISA;
17440;13:01.74;09:19;13:01.61;166M;165M;0.3;104.;./Projet_IRISA;
17440;13:01.96;09:19;13:01.83;166M;165M;0.3;109.;./Projet_IRISA;
17440;13:02.17;09:19;13:02.04;166M;165M;0.3;85.7;./Projet_IRISA;
17440;13:02.40;09:19;13:02.27;166M;165M;0.3;104.;./Projet_IRISA;
17440;13:02.61;09:19;13:02.48;166M;165M;0.3;109.;./Projet_IRISA;
17440;13:02.83;09:19;13:02.70;166M;165M;0.3;109.;./Projet_IRISA;
17440;13:03.05;09:19;13:02.92;166M;165M;0.3;106.;./Projet_IRISA;
17440;13:03.28;09:19;13:03.15;166M;165M;0.3;96.0;./Projet_IRISA;
